id,id_kota,nrp,nama
1,1,00100000000001,Kenneth Hoffman
2,1,00100000000002,Sarah Ashley
3,1,00100000000003,Stacie Adams
4,1,00100000000004,Kevin Cabrera
5,1,00100000000005,Carolyn Harvey
6,1,00100000000006,John Morales
7,1,00100000000007,Logan Trujillo
8,1,00100000000008,Joseph Smith
9,1,00100000000009,Derek Nichols
10,1,00100000000010,Mallory Shelton
11,1,00100000000011,Richard Miller
12,1,00100000000012,Laura Benson
13,1,00100000000013,Whitney Shelton
14,1,00100000000014,James Meza
15,1,00100000000015,Stephanie Hansen
16,1,00100000000016,Bradley Jimenez
17,1,00100000000017,Amy Mitchell
18,1,00100000000018,Regina Smith
19,1,00100000000019,Emily Rodriguez
20,1,00100000000020,Diane Hughes
21,2,00200000000001,Stephen Villegas
22,2,00200000000002,Kathryn Mcpherson
23,2,00200000000003,Stephen Reid
24,2,00200000000004,Gabriel Reed
25,2,00200000000005,Courtney Vargas
26,2,00200000000006,Megan Allen
27,2,00200000000007,Harold Hill
28,2,00200000000008,Renee Luna
29,2,00200000000009,Megan Cox
30,2,00200000000010,David Khan
31,2,00200000000011,Cheryl Scott
32,2,00200000000012,Destiny Carter
33,2,00200000000013,Michele Johnson
34,2,00200000000014,Jeffrey Ward
35,2,00200000000015,Andrew Kelly
36,2,00200000000016,Emily Sullivan
37,2,00200000000017,Kristina Jackson
38,2,00200000000018,Cheyenne Burch
39,2,00200000000019,Peter Cohen
40,2,00200000000020,David White
41,3,00300000000001,Emily Calhoun
42,3,00300000000002,Courtney Anderson
43,3,00300000000003,Richard Rodriguez
44,3,00300000000004,Wendy Moore
45,3,00300000000005,Tammy Martin
46,3,00300000000006,Steven Miller
47,3,00300000000007,Lisa Norris
48,3,00300000000008,Marie Walker
49,3,00300000000009,Lawrence Campbell
50,3,00300000000010,Matthew Atkins
51,3,00300000000011,Donald Glass
52,3,00300000000012,Harry Lee
53,3,00300000000013,Stephanie Davis
54,3,00300000000014,Matthew Williams
55,3,00300000000015,Steven Herrera
56,3,00300000000016,Emily Atkins
57,3,00300000000017,Shelby Mckinney
58,3,00300000000018,Seth Hernandez
59,3,00300000000019,Nicholas Smith
60,3,00300000000020,Brandon Waters
61,4,00400000000001,George Watkins
62,4,00400000000002,Lisa Mays
63,4,00400000000003,Dustin Myers
64,4,00400000000004,Terry Thompson
65,4,00400000000005,Michael Harris
66,4,00400000000006,Emma Gonzalez
67,4,00400000000007,Douglas Carrillo
68,4,00400000000008,Michael Logan
69,4,00400000000009,David Gray
70,4,00400000000010,Connie Andrews
71,4,00400000000011,Cynthia Ray
72,4,00400000000012,Crystal Wright
73,4,00400000000013,Karen Bright
74,4,00400000000014,Robin Fox
75,4,00400000000015,Sarah Clark
76,4,00400000000016,Jordan Mcdonald
77,4,00400000000017,Jennifer Parks
78,4,00400000000018,Emma Knapp
79,4,00400000000019,Michael Watson
80,4,00400000000020,Jason Campbell
81,5,00500000000001,Jeremy Burch
82,5,00500000000002,Craig Harvey
83,5,00500000000003,Kimberly Gibson
84,5,00500000000004,Kelly Schwartz
85,5,00500000000005,Robert Gonzales
86,5,00500000000006,Rachel Mcdonald
87,5,00500000000007,Kurt Brown
88,5,00500000000008,Joseph Martinez
89,5,00500000000009,Anne Henderson
90,5,00500000000010,Matthew White
91,5,00500000000011,Andrew Young
92,5,00500000000012,Robert Perez
93,5,00500000000013,Michael Jones
94,5,00500000000014,Natalie Meyer
95,5,00500000000015,Autumn Lewis
96,5,00500000000016,Brian Bender
97,5,00500000000017,Isaiah Thompson
98,5,00500000000018,Brian Thomas
99,5,00500000000019,Michael Peters
100,5,00500000000020,Francisco Giles
101,6,00600000000001,Joe Williams
102,6,00600000000002,Eric Solis
103,6,00600000000003,Mary Mccann MD
104,6,00600000000004,Jennifer Boyd
105,6,00600000000005,Michael Leonard
106,6,00600000000006,Brian Walker
107,6,00600000000007,Mary Olsen
108,6,00600000000008,Max Williams
109,6,00600000000009,Eric Perez
110,6,00600000000010,Sarah Wall
111,6,00600000000011,John Garcia
112,6,00600000000012,Caitlin Jacobson
113,6,00600000000013,Kevin Fernandez
114,6,00600000000014,Jeff Harris
115,6,00600000000015,Robert Rivera
116,6,00600000000016,Edward Bowman
117,6,00600000000017,Timothy Weaver
118,6,00600000000018,Ryan Farrell
119,6,00600000000019,Dennis Allen
120,6,00600000000020,Vanessa Blair
121,7,00700000000001,Mary Whitehead
122,7,00700000000002,Alan Gonzalez
123,7,00700000000003,Christina Miller
124,7,00700000000004,Kara Brown
125,7,00700000000005,Jeffrey Webster
126,7,00700000000006,Marissa Holland
127,7,00700000000007,Michelle Wallace
128,7,00700000000008,Karen Holmes
129,7,00700000000009,Jacob Henderson
130,7,00700000000010,Arthur Edwards
131,7,00700000000011,Mark Green
132,7,00700000000012,Albert Brennan
133,7,00700000000013,Aaron Scott
134,7,00700000000014,Johnathan Bentley
135,7,00700000000015,Shelby Green
136,7,00700000000016,Dalton Choi
137,7,00700000000017,Randy Watkins
138,7,00700000000018,Randall Hardy
139,7,00700000000019,Ashley Lee
140,7,00700000000020,James Moore
141,8,00800000000001,Steven Smith
142,8,00800000000002,Samantha Hamilton
143,8,00800000000003,Malik Gonzalez
144,8,00800000000004,Ronald Hicks
145,8,00800000000005,Dylan Elliott
146,8,00800000000006,Randall Barnes
147,8,00800000000007,Melanie Smith
148,8,00800000000008,William Carter
149,8,00800000000009,Michael Martinez
150,8,00800000000010,Joseph Montoya
151,8,00800000000011,Kenneth Reyes
152,8,00800000000012,Debbie Morales
153,8,00800000000013,Deanna Hanna
154,8,00800000000014,William Rose
155,8,00800000000015,Scott Henderson
156,8,00800000000016,Rachel Johnson
157,8,00800000000017,Andrea Reeves
158,8,00800000000018,Jake Garcia
159,8,00800000000019,Jeffery Hall
160,8,00800000000020,John Porter
161,9,00900000000001,Nancy Howard
162,9,00900000000002,Latoya Landry
163,9,00900000000003,Michelle Taylor
164,9,00900000000004,Keith Vega
165,9,00900000000005,Kenneth Wilson
166,9,00900000000006,Joseph Farmer
167,9,00900000000007,Thomas Beck
168,9,00900000000008,James Clements
169,9,00900000000009,Curtis Warren
170,9,00900000000010,Holly Moon
171,9,00900000000011,Theresa Mendez
172,9,00900000000012,Valerie Williams
173,9,00900000000013,Jonathan Humphrey
174,9,00900000000014,Cassandra Spence
175,9,00900000000015,Eric Williams
176,9,00900000000016,Ryan Nguyen
177,9,00900000000017,Amy Koch
178,9,00900000000018,Ryan Dorsey
179,9,00900000000019,Nicole Hayes
180,9,00900000000020,Paul Davis
181,10,01000000000001,Mary Daniel
182,10,01000000000002,Christopher Williams
183,10,01000000000003,Sylvia Young
184,10,01000000000004,Joe Ramirez
185,10,01000000000005,Jason Wallace
186,10,01000000000006,Brenda Anderson
187,10,01000000000007,Mrs. Jamie Kim
188,10,01000000000008,Jennifer Garcia
189,10,01000000000009,Caroline Brown
190,10,01000000000010,Lisa Chambers
191,10,01000000000011,Mary Mays
192,10,01000000000012,Charles Trujillo
193,10,01000000000013,Deborah Lopez
194,10,01000000000014,Kevin Oliver
195,10,01000000000015,Amber Mitchell
196,10,01000000000016,Ashley Rowland
197,10,01000000000017,Stacy Herrera
198,10,01000000000018,Courtney Carey MD
199,10,01000000000019,Michael Smith
200,10,01000000000020,Tommy Roberts
201,11,01100000000001,Patricia Frederick
202,11,01100000000002,Timothy Browning
203,11,01100000000003,Nicholas Alexander
204,11,01100000000004,Brian Romero
205,11,01100000000005,Jamie Vargas
206,11,01100000000006,Mark Matthews
207,11,01100000000007,Mrs. Jessica Scott
208,11,01100000000008,Dan Franco
209,11,01100000000009,Andrea Peterson
210,11,01100000000010,Cheryl Henry
211,11,01100000000011,Karen Lopez
212,11,01100000000012,Erik Robinson
213,11,01100000000013,Gary Clarke
214,11,01100000000014,Kimberly Krause
215,11,01100000000015,Lucas Kelley
216,11,01100000000016,Donald Miller
217,11,01100000000017,Samuel Cannon
218,11,01100000000018,James Mora
219,11,01100000000019,Kevin Mcdonald
220,11,01100000000020,Erik Andrews
221,12,01200000000001,Michele David
222,12,01200000000002,Tricia Washington
223,12,01200000000003,Ryan Robinson
224,12,01200000000004,David Johnson
225,12,01200000000005,Toni Villegas
226,12,01200000000006,Doris Berry
227,12,01200000000007,Leslie Garcia
228,12,01200000000008,Amy Ewing
229,12,01200000000009,Margaret Donovan
230,12,01200000000010,Lori Frank
231,12,01200000000011,Jodi Mills
232,12,01200000000012,Mark Browning
233,12,01200000000013,Mrs. Joy Cook
234,12,01200000000014,Vanessa Torres
235,12,01200000000015,Andre Hays
236,12,01200000000016,Brooke Wise
237,12,01200000000017,Paul Rivas
238,12,01200000000018,Heather Roberts
239,12,01200000000019,Jamie Burnett
240,12,01200000000020,Elizabeth Gonzales
241,13,01300000000001,Helen Cervantes
242,13,01300000000002,Angel Buckley
243,13,01300000000003,Jake Flores
244,13,01300000000004,Jerry Duncan
245,13,01300000000005,Patricia Austin
246,13,01300000000006,Traci Powell
247,13,01300000000007,Matthew Mckenzie
248,13,01300000000008,Amy Garcia
249,13,01300000000009,Mallory Foster
250,13,01300000000010,Erin May
251,13,01300000000011,Derek Adams
252,13,01300000000012,Karl Jones
253,13,01300000000013,Joyce Young
254,13,01300000000014,Carrie Johnson
255,13,01300000000015,Kevin Taylor
256,13,01300000000016,John Lamb PhD
257,13,01300000000017,Drew Parks
258,13,01300000000018,Melissa Anthony
259,13,01300000000019,Carolyn Becker
260,13,01300000000020,Calvin Esparza
261,14,01400000000001,Lisa Curtis
262,14,01400000000002,Crystal Waller
263,14,01400000000003,Jose Swanson Jr.
264,14,01400000000004,Joseph Green
265,14,01400000000005,Latoya Patterson
266,14,01400000000006,Steven Larson
267,14,01400000000007,Heidi Fernandez
268,14,01400000000008,Susan Garcia
269,14,01400000000009,Gina Shelton
270,14,01400000000010,Katherine Obrien
271,14,01400000000011,Kayla Murray
272,14,01400000000012,Lori Johnson
273,14,01400000000013,Ryan Nelson
274,14,01400000000014,Jasmine Johnson
275,14,01400000000015,Barbara Powell
276,14,01400000000016,Mark Williams
277,14,01400000000017,Xavier Ramirez
278,14,01400000000018,Nancy Valentine
279,14,01400000000019,Nicole Herman
280,14,01400000000020,Victor Hunter
281,15,01500000000001,Kelly Key
282,15,01500000000002,Renee Patrick
283,15,01500000000003,Amy Aguilar
284,15,01500000000004,Carlos Mcbride
285,15,01500000000005,Michael Dominguez
286,15,01500000000006,Andre Jones
287,15,01500000000007,Christine Blackburn
288,15,01500000000008,Paula Duncan
289,15,01500000000009,Matthew Waters
290,15,01500000000010,Robert Heath
291,15,01500000000011,William Dyer
292,15,01500000000012,Dylan Miller
293,15,01500000000013,Miss Connie Charles
294,15,01500000000014,Elizabeth Weaver
295,15,01500000000015,Robert Smith
296,15,01500000000016,Janet Tucker
297,15,01500000000017,Tammy Cruz
298,15,01500000000018,Elizabeth Doyle
299,15,01500000000019,Donald Watts
300,15,01500000000020,Deanna Meyer
301,16,01600000000001,Amanda Oneill
302,16,01600000000002,Sarah Haynes
303,16,01600000000003,Richard Boyer
304,16,01600000000004,Scott Potter
305,16,01600000000005,Eric Collins
306,16,01600000000006,Stacy Hull DDS
307,16,01600000000007,Kaitlin Norris
308,16,01600000000008,Kevin Watkins
309,16,01600000000009,Stephanie Flynn
310,16,01600000000010,Leslie Moreno
311,16,01600000000011,Kimberly Bernard
312,16,01600000000012,Bryan Becker
313,16,01600000000013,Margaret Bruce
314,16,01600000000014,Alexa Peterson
315,16,01600000000015,Matthew Munoz
316,16,01600000000016,Jeffrey Christensen
317,16,01600000000017,Samantha Martin
318,16,01600000000018,Casey Moses
319,16,01600000000019,Amanda Smith
320,16,01600000000020,John Franklin
321,17,01700000000001,Kristina Lee
322,17,01700000000002,Trevor Yates
323,17,01700000000003,Jose Lewis
324,17,01700000000004,Michael Whitehead
325,17,01700000000005,David Walsh
326,17,01700000000006,Brendan Dunn
327,17,01700000000007,Michelle Hoffman
328,17,01700000000008,Christopher Myers II
329,17,01700000000009,Donna Mcgee
330,17,01700000000010,Jessica Cortez
331,17,01700000000011,Jennifer Morris
332,17,01700000000012,Michelle Baker
333,17,01700000000013,Nicholas Johnson
334,17,01700000000014,Phillip Ortiz
335,17,01700000000015,Christy Henry
336,17,01700000000016,Robert Reed
337,17,01700000000017,Rhonda Barron
338,17,01700000000018,Parker Williams
339,17,01700000000019,Benjamin Williams
340,17,01700000000020,Christopher Mata
341,18,01800000000001,Elaine Martinez
342,18,01800000000002,Christopher Coleman
343,18,01800000000003,Jorge Hatfield
344,18,01800000000004,Kelly Taylor
345,18,01800000000005,Ricardo Lindsey
346,18,01800000000006,Joshua Pennington
347,18,01800000000007,Kristina Griffin DVM
348,18,01800000000008,Kevin Jacobs
349,18,01800000000009,Troy Archer
350,18,01800000000010,Dakota Fletcher
351,18,01800000000011,Larry Munoz
352,18,01800000000012,Eduardo Lee
353,18,01800000000013,Jacob Weiss
354,18,01800000000014,Kerry Wright
355,18,01800000000015,Edward Sanders
356,18,01800000000016,Linda Mathis
357,18,01800000000017,James Martin
358,18,01800000000018,Teresa Wolfe
359,18,01800000000019,Catherine Wright
360,18,01800000000020,Troy Phillips
361,19,01900000000001,Anne Meyer
362,19,01900000000002,Heather Ball
363,19,01900000000003,Jessica Stewart
364,19,01900000000004,Catherine Mccoy
365,19,01900000000005,Daniel Kent
366,19,01900000000006,Jennifer Woods
367,19,01900000000007,Rachel Gonzalez
368,19,01900000000008,Shannon Estes
369,19,01900000000009,Shawn Wood
370,19,01900000000010,Amber Bond DVM
371,19,01900000000011,Brandy Tran
372,19,01900000000012,Joann White
373,19,01900000000013,Jared Foster
374,19,01900000000014,Rachael Williams
375,19,01900000000015,Rhonda Waller
376,19,01900000000016,Amanda Schneider
377,19,01900000000017,Laura Smith
378,19,01900000000018,Sierra Fernandez
379,19,01900000000019,Terry Lyons
380,19,01900000000020,Annette Baker
381,20,02000000000001,Dana Weber
382,20,02000000000002,Judy Hanson
383,20,02000000000003,Marie Cantrell
384,20,02000000000004,Maria Burnett
385,20,02000000000005,Teresa Carter
386,20,02000000000006,Jennifer Richardson
387,20,02000000000007,Karen Avila
388,20,02000000000008,Jennifer Miller
389,20,02000000000009,Melissa Rivera
390,20,02000000000010,Kimberly Dawson
391,20,02000000000011,Lawrence Brown
392,20,02000000000012,John Harrington
393,20,02000000000013,Jeffrey Adams
394,20,02000000000014,Mr. Ryan Schneider
395,20,02000000000015,Matthew Scott
396,20,02000000000016,Kelly Taylor
397,20,02000000000017,Eric Merritt
398,20,02000000000018,Michael Hartman
399,20,02000000000019,Ms. Vickie Watson
400,20,02000000000020,Tammy Johnson
401,21,02100000000001,Mark Perez
402,21,02100000000002,Mrs. April Williams MD
403,21,02100000000003,Jay Howell
404,21,02100000000004,Benjamin Brown
405,21,02100000000005,Marissa Ellis
406,21,02100000000006,Autumn Martin
407,21,02100000000007,Stacey Hall
408,21,02100000000008,Troy Smith
409,21,02100000000009,Tonya Hill
410,21,02100000000010,Carla Peterson
411,21,02100000000011,Stephen Singleton
412,21,02100000000012,Martha Schultz
413,21,02100000000013,Angela Miller
414,21,02100000000014,Joshua Mccarthy
415,21,02100000000015,Bryan Miller
416,21,02100000000016,James Curry
417,21,02100000000017,Cynthia Mcmillan
418,21,02100000000018,Natalie Patrick
419,21,02100000000019,Charles Villanueva
420,21,02100000000020,Michelle Powell
421,22,02200000000001,Sean Newman
422,22,02200000000002,Aaron Sullivan
423,22,02200000000003,Stephanie Cummings
424,22,02200000000004,Janet Gonzalez
425,22,02200000000005,Michelle Williams
426,22,02200000000006,Mr. Mark Davis
427,22,02200000000007,Jennifer Olson
428,22,02200000000008,Timothy Martinez
429,22,02200000000009,Gina Lopez
430,22,02200000000010,Katelyn Hill
431,22,02200000000011,Michael Gutierrez
432,22,02200000000012,Taylor Fernandez
433,22,02200000000013,Gordon Taylor
434,22,02200000000014,Samuel Ingram
435,22,02200000000015,Rachel Mccarty
436,22,02200000000016,Bill Williams
437,22,02200000000017,Christopher Spencer
438,22,02200000000018,Steven Neal
439,22,02200000000019,Tammy Mccann
440,22,02200000000020,Paul Webb
441,23,02300000000001,Eddie Perry
442,23,02300000000002,Megan Hill
443,23,02300000000003,Dr. James Lynch
444,23,02300000000004,Judy Nguyen
445,23,02300000000005,Mr. Robert Moses
446,23,02300000000006,Amanda Jones
447,23,02300000000007,Gabriela Russell
448,23,02300000000008,Deborah Jarvis
449,23,02300000000009,Jessica Taylor
450,23,02300000000010,Christopher Larsen
451,23,02300000000011,Kristin Williams
452,23,02300000000012,Bridget Perry DVM
453,23,02300000000013,Sheryl Williams
454,23,02300000000014,Scott Short
455,23,02300000000015,Alexander Murray
456,23,02300000000016,Meghan Garcia
457,23,02300000000017,Douglas Hall
458,23,02300000000018,Lauren Carter
459,23,02300000000019,Jamie Mcmillan
460,23,02300000000020,Charles Harris
461,24,02400000000001,Joshua Griffith
462,24,02400000000002,Harold Solis
463,24,02400000000003,Jennifer Wiggins
464,24,02400000000004,Danielle Mason
465,24,02400000000005,Andrew Fuentes
466,24,02400000000006,Danielle Johnson
467,24,02400000000007,Nicholas Kennedy
468,24,02400000000008,Annette Miller
469,24,02400000000009,Bradley Garcia
470,24,02400000000010,Gregory Wood
471,24,02400000000011,Hannah Allen
472,24,02400000000012,Greg Gonzalez
473,24,02400000000013,Christopher Bullock
474,24,02400000000014,Tiffany Ashley
475,24,02400000000015,Eric Goodwin
476,24,02400000000016,Lorraine Sullivan
477,24,02400000000017,Daisy Carroll
478,24,02400000000018,Scott Henderson
479,24,02400000000019,Anthony Hanna
480,24,02400000000020,Kristin Rhodes
481,25,02500000000001,Jonathon Gonzalez
482,25,02500000000002,Manuel Smith
483,25,02500000000003,Brandi Lee
484,25,02500000000004,Julie Davis
485,25,02500000000005,Hannah Brooks
486,25,02500000000006,Kelly Park
487,25,02500000000007,Robin Watts
488,25,02500000000008,Madison Gill
489,25,02500000000009,Anthony Pitts
490,25,02500000000010,Daniel Jefferson
491,25,02500000000011,Victoria Higgins
492,25,02500000000012,Jeremy Curtis
493,25,02500000000013,Michael Ross
494,25,02500000000014,Dana Nelson
495,25,02500000000015,Jeffrey Harris
496,25,02500000000016,Larry Welch
497,25,02500000000017,Mrs. Jamie Moore
498,25,02500000000018,Taylor Sanchez
499,25,02500000000019,Katie Jackson
500,25,02500000000020,Timothy Miller
501,26,02600000000001,Deborah Murphy
502,26,02600000000002,Michael Parker
503,26,02600000000003,Mrs. Morgan Johnson DDS
504,26,02600000000004,Michael Wallace
505,26,02600000000005,Rebecca Lee
506,26,02600000000006,Nicholas Lewis
507,26,02600000000007,Perry Ford
508,26,02600000000008,Matthew Kelly
509,26,02600000000009,Amy Schmidt
510,26,02600000000010,Katie Alvarez
511,26,02600000000011,Steven Jenkins
512,26,02600000000012,Cynthia Morales
513,26,02600000000013,Megan Russo
514,26,02600000000014,Matthew Carter
515,26,02600000000015,Michael Green
516,26,02600000000016,Sandra Ellis
517,26,02600000000017,Nathan Lee
518,26,02600000000018,Patricia Armstrong
519,26,02600000000019,Carrie Russell
520,26,02600000000020,Kathy Wells
521,27,02700000000001,Joshua Carey
522,27,02700000000002,Brittany Jones
523,27,02700000000003,Robert Johnson
524,27,02700000000004,Thomas Shelton
525,27,02700000000005,Elizabeth Griffin
526,27,02700000000006,Connor Palmer
527,27,02700000000007,Connie Wilson
528,27,02700000000008,Sabrina Higgins
529,27,02700000000009,Michelle Gonzales
530,27,02700000000010,Karen Ortiz
531,27,02700000000011,Diana Booker
532,27,02700000000012,Eric Fisher
533,27,02700000000013,Christina Davis
534,27,02700000000014,Michele Burnett
535,27,02700000000015,Robin Bowman
536,27,02700000000016,Tracey Burch
537,27,02700000000017,Emily Hartman
538,27,02700000000018,Lauren Myers
539,27,02700000000019,Kerry Morrow
540,27,02700000000020,Brian Hicks
541,28,02800000000001,Wendy Farmer
542,28,02800000000002,Nicholas Garza
543,28,02800000000003,Desiree Phillips
544,28,02800000000004,Tracy Mccoy
545,28,02800000000005,Cynthia Black
546,28,02800000000006,Terry Johnson
547,28,02800000000007,Frank Woods
548,28,02800000000008,David Hall
549,28,02800000000009,Jessica Daugherty
550,28,02800000000010,Justin Baldwin
551,28,02800000000011,Jesus Duffy
552,28,02800000000012,Amber Villa
553,28,02800000000013,Chad Robinson
554,28,02800000000014,James Patterson
555,28,02800000000015,Tammy Sanchez
556,28,02800000000016,Lisa Mckee
557,28,02800000000017,Adrian Miller
558,28,02800000000018,Preston Ross
559,28,02800000000019,Michael Griffith
560,28,02800000000020,William Keller
561,29,02900000000001,Patrick Vargas
562,29,02900000000002,Kim Mata
563,29,02900000000003,Glenn Schultz
564,29,02900000000004,Edward Marshall
565,29,02900000000005,Gary Frank
566,29,02900000000006,Jennifer Campbell
567,29,02900000000007,Tina Smith
568,29,02900000000008,Ms. Rachael Goodwin
569,29,02900000000009,Megan Howe
570,29,02900000000010,Edward Wang
571,29,02900000000011,Margaret Young
572,29,02900000000012,Tina Bates
573,29,02900000000013,Daniel Morales
574,29,02900000000014,Edward Rogers
575,29,02900000000015,Angelica Hughes
576,29,02900000000016,Marcus Moran
577,29,02900000000017,Cynthia Mendez
578,29,02900000000018,Michelle Rodriguez
579,29,02900000000019,Phillip Becker
580,29,02900000000020,Brandon Brooks
581,30,03000000000001,Natalie Stewart
582,30,03000000000002,Mary Gay MD
583,30,03000000000003,Katherine Kidd
584,30,03000000000004,Jennifer Roberts
585,30,03000000000005,Nancy Long
586,30,03000000000006,Terri Jones
587,30,03000000000007,Francisco Mcintosh
588,30,03000000000008,David Woods
589,30,03000000000009,Tara Brown
590,30,03000000000010,Amy Morris
591,30,03000000000011,William Hobbs
592,30,03000000000012,Mary Anderson
593,30,03000000000013,Tamara Cross
594,30,03000000000014,David Moreno
595,30,03000000000015,Wendy Robinson
596,30,03000000000016,Scott Clark
597,30,03000000000017,Natalie Jones
598,30,03000000000018,John Sanchez
599,30,03000000000019,Elizabeth Meyer
600,30,03000000000020,Shelley Gilbert
601,31,03100000000001,Jennifer Thomas
602,31,03100000000002,Lauren Reese DVM
603,31,03100000000003,Karen Acevedo
604,31,03100000000004,Wayne Ramirez
605,31,03100000000005,Aaron Pearson
606,31,03100000000006,Johnathan Ray
607,31,03100000000007,Jennifer Hancock
608,31,03100000000008,Mary Delgado
609,31,03100000000009,Daniel Woods
610,31,03100000000010,David Anderson
611,31,03100000000011,Danielle Rose
612,31,03100000000012,Amanda Gonzalez
613,31,03100000000013,Sierra Edwards
614,31,03100000000014,Ellen Ross
615,31,03100000000015,Jessica Martin
616,31,03100000000016,Chase Cooper
617,31,03100000000017,Nicole Campbell
618,31,03100000000018,Carrie Moore
619,31,03100000000019,Tracy Crosby
620,31,03100000000020,Roger Moore
621,32,03200000000001,Hannah Williamson
622,32,03200000000002,Anthony Smith
623,32,03200000000003,Tiffany Herrera
624,32,03200000000004,Herbert Martinez
625,32,03200000000005,John Johnson
626,32,03200000000006,Max Rowe
627,32,03200000000007,Melissa Castillo
628,32,03200000000008,Tiffany White
629,32,03200000000009,Jacqueline Horton
630,32,03200000000010,Morgan Ellis
631,32,03200000000011,Angel Owens
632,32,03200000000012,Steven Curry
633,32,03200000000013,Joe Wood
634,32,03200000000014,Robert Greene
635,32,03200000000015,Mrs. Angela Price MD
636,32,03200000000016,Robert Yang
637,32,03200000000017,Jeffrey Lutz
638,32,03200000000018,Amy Martinez
639,32,03200000000019,Daniel Richardson
640,32,03200000000020,Ronald Reyes
641,33,03300000000001,Michael Vazquez
642,33,03300000000002,William Hall
643,33,03300000000003,Rachel Reed
644,33,03300000000004,Patrick Gonzalez
645,33,03300000000005,Gabriel Bennett
646,33,03300000000006,Frank Williams
647,33,03300000000007,Andrew Mcneil
648,33,03300000000008,Alexandra Martinez
649,33,03300000000009,Courtney Cantrell
650,33,03300000000010,Laura Hopkins
651,33,03300000000011,Amanda Kelly
652,33,03300000000012,Steven Walker
653,33,03300000000013,Richard Nicholson
654,33,03300000000014,Tiffany Johnson
655,33,03300000000015,Ryan Stevens
656,33,03300000000016,Alex Miller
657,33,03300000000017,Dana Ramirez
658,33,03300000000018,Mandy Murphy
659,33,03300000000019,Chris Cortez
660,33,03300000000020,Mary Murphy
661,34,03400000000001,Susan Shaw
662,34,03400000000002,Theresa Perry
663,34,03400000000003,Alexander Roberts
664,34,03400000000004,Michael Patterson
665,34,03400000000005,Monica Francis
666,34,03400000000006,Joseph Rodriguez
667,34,03400000000007,John Miller MD
668,34,03400000000008,James Roberts
669,34,03400000000009,Jessica Gutierrez
670,34,03400000000010,Danielle Washington
671,34,03400000000011,Brett Price
672,34,03400000000012,Justin Thomas
673,34,03400000000013,Charles Nelson
674,34,03400000000014,Albert Peterson
675,34,03400000000015,William Thompson
676,34,03400000000016,Kenneth Brown
677,34,03400000000017,Terri Holmes
678,34,03400000000018,Janice Cole
679,34,03400000000019,Joshua Romero
680,34,03400000000020,Robert Williams
681,35,03500000000001,Samantha Owens
682,35,03500000000002,Ryan Davis
683,35,03500000000003,Paul Moore
684,35,03500000000004,Teresa Banks
685,35,03500000000005,Robert Caldwell
686,35,03500000000006,Eric Robinson
687,35,03500000000007,Helen Young
688,35,03500000000008,Joshua Brooks
689,35,03500000000009,Douglas Miller
690,35,03500000000010,Anthony Henry
691,35,03500000000011,Andrew Hart
692,35,03500000000012,Jimmy Collins
693,35,03500000000013,John Jenkins
694,35,03500000000014,Deanna Davis
695,35,03500000000015,Joshua Mcmillan
696,35,03500000000016,Peter Carter PhD
697,35,03500000000017,Gregory Nichols
698,35,03500000000018,Lynn Jones
699,35,03500000000019,Linda Powers
700,35,03500000000020,Patricia Moody
701,36,03600000000001,Scott Morales
702,36,03600000000002,Susan Davis
703,36,03600000000003,Matthew Hernandez
704,36,03600000000004,Robert Thompson
705,36,03600000000005,Angela Le
706,36,03600000000006,Scott Burnett
707,36,03600000000007,Sean Norris
708,36,03600000000008,Paige Hall
709,36,03600000000009,Janice Rocha
710,36,03600000000010,Angel Vega
711,36,03600000000011,Kimberly Johnson
712,36,03600000000012,Andrew Smith
713,36,03600000000013,Melissa Myers
714,36,03600000000014,Dr. Karen Lopez
715,36,03600000000015,Daniel Warner
716,36,03600000000016,Anthony Shepherd DDS
717,36,03600000000017,Grant Smith
718,36,03600000000018,Mr. Jacob Levy
719,36,03600000000019,Matthew Rojas
720,36,03600000000020,Michael Brown
721,37,03700000000001,Cody Khan
722,37,03700000000002,Trevor Kim
723,37,03700000000003,Ashley Burton
724,37,03700000000004,Zachary Hebert
725,37,03700000000005,Anthony Meyer
726,37,03700000000006,John Myers
727,37,03700000000007,Kyle Moore
728,37,03700000000008,Madison Ramirez
729,37,03700000000009,Jennifer Nelson
730,37,03700000000010,Larry Rivera
731,37,03700000000011,Kathryn Huff
732,37,03700000000012,Evelyn Landry
733,37,03700000000013,Ian Murphy
734,37,03700000000014,Jon Rodriguez
735,37,03700000000015,Dale Ramirez II
736,37,03700000000016,Roberto Humphrey
737,37,03700000000017,Robert Hutchinson
738,37,03700000000018,Adriana Daniels
739,37,03700000000019,Nicole Cox
740,37,03700000000020,Shannon Bailey
741,38,03800000000001,Savannah Berry
742,38,03800000000002,Richard Sanchez
743,38,03800000000003,James Lopez
744,38,03800000000004,Mark Price
745,38,03800000000005,Jesse Weaver
746,38,03800000000006,Brenda Solomon
747,38,03800000000007,Jennifer Sullivan
748,38,03800000000008,Lauren Mason
749,38,03800000000009,Bradley Flores
750,38,03800000000010,Jessica Chen
751,38,03800000000011,Jennifer Russell
752,38,03800000000012,Susan Hall
753,38,03800000000013,Dennis Osborn
754,38,03800000000014,Rebecca Jones
755,38,03800000000015,Christopher Schmidt
756,38,03800000000016,Tiffany Carter
757,38,03800000000017,Carl Khan
758,38,03800000000018,Brian Kent
759,38,03800000000019,Daniel Thompson
760,38,03800000000020,Brandon Lawrence
